,0,1,2
0,-8.0,8.0,27.0
1,-6.398398398398399,7.83983983983984,25.63863863863864
2,-4.973149325501678,7.61012241649235,24.452130913800794
3,-3.713562564541315,7.357327569950887,23.420579786680012
4,-2.605365353881435,7.113450782749288,22.521913363557047
5,-1.6325108857502317,6.899378030888441,21.735210922595407
6,-0.778467951151766,6.727939448339085,21.04227926893589
7,-0.02707581907059975,6.606374863248627,20.428162852970082
8,0.6369332582386322,6.538192795622264,19.881076026626104
9,1.227649928647404,6.524509311179125,19.392068916542406
10,1.7578660830549837,6.564979948508748,18.954607751506188
11,2.2390586621794846,6.658429480971681,18.564164657579624
12,2.681438123520045,6.803263909173623,18.21786010421628
13,3.094033297259142,6.9977277623967185,17.91417212556279
14,3.48479350397962,7.240051681431117,17.652711435210865
15,3.8606952234442344,7.5285212739531255,17.434054657506817
16,4.227844978249929,7.861487975064068,17.259625365233852
17,4.591573005959052,8.237335332311865,17.131612200232084
18,4.956514179768143,8.654409013066592,17.052913775329753
19,5.326673822740961,9.110915310230316,17.027100604724797
20,5.705476774441597,9.604790592093702,17.058384613449665
21,6.095798477910276,10.133542762972,17.151586655598813
22,6.499977085023562,10.69406527337811,17.312091862159708
23,6.919805732506499,11.282424559758697,17.545781561094756
24,7.3565043138130255,11.893623119545012,17.858929061751457
25,7.810670360432844,12.521342929198308,18.258044967201528
26,8.282209156105063,13.157677829079692,18.749656200208207
27,8.770244058304726,13.792869063180548,19.340002112005298
28,9.273009324058062,14.415065519225958,20.034631631354515
29,9.787729663914709,15.010139289323865,20.837888414301577
30,10.310493390181891,15.561597474852231,21.752277634956926
31,10.836129434693436,16.050641545659197,22.777719819260398
32,11.358102618974293,16.456433962446678,23.910715245826328
33,11.868446096799357,16.756634982603483,25.143467581818715
34,12.357754293576546,16.92826627435865,26.463046882818936
35,12.815263000361542,16.948937172341747,27.850706844920158
36,13.22904419875796,16.79842960351452,29.28150299961195
37,13.586340035069927,16.46057685650529,30.7243774710399
38,13.874051428607,15.92529261664606,32.14286917364027
39,14.079380876859158,15.190521119211407,33.49656297726979
40,14.190606126343868,14.26380715735119,34.74329935981197
41,14.197933556875132,13.16315337992907,35.84203080064544
42,14.094351957581232,11.916869239403933,36.75605310580528
43,13.876385719525446,10.56223697241799,37.456197326797785
44,13.544639098193368,9.1430169672227,37.92348943309252
45,13.104036282280388,7.7060489999234365,38.150812355362554
46,12.56369721497739,6.297413740672042,38.14325325700146
47,11.936441611943822,4.958733295862515,37.91706163995012
48,11.237972311034783,3.7241671244593624,37.4974166557866
49,10.485839659725933,2.61850273478419,36.91542442299624
50,9.698318446018051,1.6564985933154477,36.20487455343512
51,8.893331473775548,0.8433856321326711,35.399258124214505
52,8.087531089226712,0.17624408267522418,34.52941314245478
53,7.2956104679502864,-0.35411703711139975,33.62197514897512
54,6.529871978955122,-0.7611402974748416,32.698630801026205
55,5.800040920253424,-1.0606429732466296,31.776043238430898
56,5.113285775758924,-1.2692572107471185,30.866254570271817
57,4.474392583916478,-1.403258427094744,29.977364810222927
58,3.8860391293608,-1.477775424246537,29.114318077555872
59,3.349120755626332,-1.5063290601593466,28.27967468753406
60,2.863089743035173,-1.5006267102162465,27.47429587118164
61,2.426281289256252,-1.4705389743873443,26.697907303294127
62,2.03620919079343,-1.4241948090091459,25.949535324574114
63,1.6898224040264054,-1.3681450609960468,25.227826421419802
64,1.3837195546748084,-1.3075582133290706,24.5312686039375
65,1.1143223807004463,-1.2464239823383279,23.85833556944475
66,0.8780114334493178,-1.1877495744238433,23.207573343973806
67,0.6712285497783307,-1.133740015140739,22.577646217276953
68,0.4905510157523978,-1.08595844676133,21.967355373977718
69,0.33274226074601865,-1.0454651695267974,21.375640335441872
70,0.19478355901700803,-1.0129359444987032,20.80157048553979
71,0.07389071582224216,-0.9887610529605817,20.24433166775769
72,-0.032480832604466936,-0.9731270896201426,19.703211100096688
73,-0.12663961709052057,-0.9660836413898345,19.177582588697053
74,-0.21066804795131278,-0.967596993956304,18.66689314150884
75,-0.28643671121507563,-0.9775928939487268,18.170651500460092
76,-0.3556215142915172,-0.9959902249161575,17.688418745961158
77,-0.4197224863260158,-1.022727261106199,17.21980091709337
78,-0.48008332464235043,-1.0577819628185194,16.76444348482726
79,-0.5379110161514764,-1.1011875820696968,16.322027477372313
80,-0.5942950567839309,-1.1530446639932803,15.892267060204327
81,-0.6502259483964784,-1.2135303614005601,15.474908400713344
82,-0.7066127765250151,-1.2829058288930364,15.069729687282386
83,-0.7642997687540463,-1.3615223291732699,14.676542217983298
84,-0.8240818068340486,-1.4498265671374981,14.295192521153654
85,-0.886718919977537,-1.54836566565945,13.925565517222719
86,-0.952949825451202,-1.6577921088847094,13.567588777998727
87,-1.023504608577679,-1.7788689021375759,13.221237986802192
88,-1.0991166499750662,-1.912475129639509,12.886543751446045
89,-1.1805339152067422,-2.0596120292572855,12.56359997353941
90,-1.2685297224190089,-2.2214096441789843,12.252574033498712
91,-1.363913097970558,-2.399134051045058,11.953719112610951
92,-1.4675388189990366,-2.59419509834215,11.667389043098556
93,-1.5803172253396887,-2.808154512721727,11.394056155837408
94,-1.7032238607132661,-3.0427341382195445,11.134332684355623
95,-1.8373089735767574,-3.2998239566443477,10.888996383665674
96,-1.9837068697797193,-3.5814893874206346,10.659021133185105
97,-2.143645059733765,-3.8899771703974615,10.445613412931944
98,-2.31845307881922,-4.227718881244585,10.250255667613104
99,-2.509570776759697,-4.597330798305965,10.07475769707225
100,-2.7185557639014655,-5.001608410432674,9.921317321666844
101,-2.947089562353038,-5.443513301208404,9.792591647811472
102,-3.1969818285047262,-5.926149435452908,9.691780271485385
103,-3.47017177915019,-6.452724974480736,9.622721659548636
104,-3.768725652556651,-7.0264946211288,9.590003671690088
105,-4.094828652413723,-7.6506761106668035,9.599088630665989
106,-4.450769338925543,-8.328332797303515,9.656452375075595
107,-4.838913829253668,-9.062212342236753,9.769735143761663
108,-5.261666433155879,-9.85452934305329,9.947899684066483
109,-5.721412470182647,-10.706677500583387,10.201388310373282
110,-6.22043799875129,-11.618854891698359,10.542265347461033
111,-6.760820070117363,-12.589584632569952,10.984323994879135
112,-7.344279986278783,-13.615113553585624,11.543126655592939
113,-7.971991054077266,-14.688674834731449,12.235934812759414
114,-8.644331772861468,-15.799608886922053,13.081468595322349
115,-9.360575728222889,-16.932352892317095,14.099417993178323
116,-10.118511380284371,-18.06533685276664,15.309609419842179
117,-10.91398940555787,-19.169866629071084,16.730717442002447
118,-11.74040354204568,-20.209135536149684,18.37840988227905
119,-12.588124462376411,-21.137586138372438,20.262837443949543
120,-13.443926431945583,-21.900937280542898,22.38544336947676
121,-14.290474064437806,-22.43728111445885,24.735193859349984
122,-15.105970265641114,-22.679707003987556,27.28453186620091
123,-15.864102071281398,-22.560869499995515,29.98563524950908
124,-16.534449161242772,-22.0197164491993,32.76787991984038
125,-17.083524965843026,-21.010167053896893,35.537678408876346
126,-17.476582231914485,-19.510864908387063,38.181928368617186
127,-17.680214131461288,-17.53432663689569,40.57597000362775
128,-17.665610778651917,-15.133123741881992,42.59607073350724
129,-17.412108572769043,-12.40057491087405,44.13507325536154
130,-16.910453551558334,-9.464176289624689,45.118322785210694
131,-16.165080452265677,-6.47175608312306,45.51600032397175
132,-15.194777712611762,-3.5726638857052606,45.348237129649426
133,-14.031402955163664,-0.8982367508062996,44.68114204696109
134,-12.71677170347624,1.4536958073923092,43.61461361527411
135,-11.298306487173083,3.4268067260713915,42.265344806302075
136,-9.824321180542004,5.005860089842484,40.74958205541519
137,-8.339818550873886,6.209565084239193,39.169554733540885
138,-6.883423792604309,7.079860326356774,37.60560286128357
139,-5.485697654570167,7.6708470626061285,36.11395835028408
140,-4.168726211409377,8.03961458241421,34.72873475995379
141,-2.9466700758915003,8.239921272914975,33.46622313433601
142,-1.8268911620970585,8.318672372666514,32.329850850710756
143,-0.8113192366952995,8.314583222313114,31.314733286747785
144,0.10218451295519237,8.258274149818016,30.411312498512608
145,0.91860990203055,8.173142288526112,29.60797950944837
146,1.6447893200981738,8.076543207563473,28.892797501557972
147,2.2886085280526585,7.980997591916463,28.254526750876863
148,2.8584172431541406,7.895276774252891,27.683155124072286
149,3.3626073864072685,7.82531078909277,27.17010455623918
150,3.8093244437331446,7.774913409313421,26.708241049836424
151,4.206280296143583,7.746342994247913,26.291776500938617
152,4.5606409265844565,7.740726616382681,25.916119703154553
153,4.8789678224601545,7.758375296578013,25.57771151563134
154,5.1671967988483285,7.799014858894053,25.273863995293237
155,5.430642050104157,7.861952460273952,25.00261348437164
156,5.674016465536569,7.946194510243047,24.76259159917003
157,5.9014617152569375,8.050527984334465,24.552914531018764
158,6.116583463913346,8.17357417993083,24.373089145010468
159,6.322488440491673,8.313821715274033,24.222933432130983
160,6.5218211006300475,8.46964391746668,24.102508532619265
161,6.716798359572653,8.639304559849288,24.01205954692129
162,6.909241422663407,8.820955083707778,23.95196252893985
163,7.100604151496677,9.012625885427845,23.922675323480732
164,7.291997718456754,9.212213899838902,23.92469021752818
165,7.484211550426939,9.417468511810375,23.95848670227445
166,7.677730765780636,9.625977740961838,24.024482985949536
167,7.872750483015992,9.835156635333188,24.122985263126417
168,8.069187535299996,10.042239848616957,24.254134146506665
169,8.266690269365757,10.244280431252566,24.417848116032207
170,8.4646472425276,10.438156904639294,24.61376434941496
171,8.662195757253494,10.620590671982978,24.841177874221287
172,8.858231284253442,10.788175706456009,25.098980621573176
173,9.051418914103548,10.937422202029081,25.385602649121623
174,9.240208032014012,11.064815429543533,25.698958502908653
175,9.4228514151501,11.166890371424188,26.036402350727116
176,9.597429889251611,11.240321788008895,26.39469606915149
177,9.76188353277086,11.282028195809193,26.769994808977703
178,9.91405016570763,11.289286846696621,27.157854593131713
179,10.051711495135958,11.259855264752835,27.553266110164035
180,10.17264680740992,11.192093351949813,27.950717965064058
181,10.274693508565065,11.085078691123027,28.344291186266346
182,10.355813146458754,10.938706668022826,28.72778477558471
183,10.414160846315017,10.753766629836486,29.094869622929462
184,10.44815541924009,10.531985699017985,29.43926538261288
185,10.456546838637276,10.276033205463538,29.754932207133262
186,10.438477405887152,9.98948101299121,30.036266908260718
187,10.393532822013684,9.676718178884839,30.278291533839152
188,10.32177960448327,9.342822122689062,30.476821836589018
189,10.223785862561927,8.993392380551601,30.62860387799759
190,10.100623351850183,8.634356589293354,30.731409091899113
191,9.953849902144794,8.271761083323529,30.78408135965641
192,9.785472643003526,7.911559991704884,30.786533658195495
193,9.597893799029688,7.55941675974507,30.739696128403583
194,9.393842043345542,7.2205305811487195,30.645421416026828
195,9.176293348430946,6.899497533086775,30.50635635068534
196,8.948385859407505,6.600212661788694,30.32579108260278
197,8.71333348727349,6.325815377531562,30.107497523359118
198,8.47434268549752,6.078676797730135,29.85556838322963
199,8.23453629032561,5.860424553950429,29.574266493704126
200,7.996887467865631,5.671998336462934,29.267891799173018
201,7.764165833090586,5.513728202570249,28.940670787663045
202,7.5388968010064685,5.385427379824202,28.596670567672145
203,7.323334296383619,5.286491792099453,28.2397375653233
204,7.119446157816635,5.215999598642366,27.8734590849206
205,6.9289109667080995,5.172805420794781,27.501144811399804
206,6.753124625775835,5.155625418455405,27.12582471175075
207,6.59321479521323,5.163110796311915,26.750259630769552
208,6.450061241769655,5.19390855303137,26.376961060294246
209,6.324320231885943,5.246709273810625,26.008216970441914
210,6.216451267113639,5.320282491403725,25.64612111815635
211,6.126744682958492,5.413500618193167,25.292603806044294
212,6.055348880679681,5.525352716469313,24.949462591288764
213,6.002296211589554,5.654949468890152,24.618391902035473
214,5.9675267678759,5.801520680167458,24.301010888039027
215,5.950909541879059,5.96440652460731,23.99888910877824
216,5.952260591201206,6.143043586229737,23.713569850274965
217,5.971357988100959,6.3369465458985585,23.446590971205364
218,6.00795343933195,6.545686173839353,23.19950322132688
219,6.061780539883242,6.768864101347779,22.973885962441667
220,6.132559675164977,7.006084683557562,22.771360164511936
221,6.2199996159450155,7.256924134283466,22.593598455861393
222,6.323795864026942,7.520897021109324,22.442331883748164
223,6.443625809680834,7.797420160509509,22.319352895952388
224,6.579140759713734,8.085773955652856,22.226513891007226
225,6.729954893441374,8.385061281275103,22.165720510587956
226,6.895631208539846,8.694164149325134,22.138918670482738
227,7.075664535945781,9.011698595594247,22.14807415782642
228,7.269461739113796,9.335968521048281,22.195143477885896
229,7.476319274842973,9.664919610813099,22.282034535813512
230,7.695398387552696,9.99609494416616,22.410555717134436
231,7.925698343169659,10.326594499496622,22.582352023468786
232,8.166028288747933,10.653041437354211,22.798827173812416
233,8.414978553873686,10.971558784661125,23.06105105044043
234,8.670892490889447,11.277760893815877,23.369652609409197
235,8.93184027897017,11.566764732909645,23.724699442473696
236,9.195596480565714,11.833226564656465,24.125566609228894
237,9.459623516010232,12.071409742711566,24.570799164388198
238,9.721063578743099,12.275289013211705,25.057974943852805
239,9.976741800411627,12.43869565593293,25.583576529718037
240,10.223183627791137,12.555505839992238,26.142883678338958
241,10.456649314698154,12.619871559056469,26.729899546872232
242,10.673188077897185,12.626489411646457,27.337325364335634
243,10.868713736931147,12.570897435763086,27.956598256719868
244,11.039102495572983,12.449784559763412,28.5780052333069
245,11.18031191140786,12.261291631102592,29.190882448998043
246,11.288518089555481,12.005278329193464,29.783902585886267
247,11.360265861291015,11.68352762909361,30.34544474164421
248,11.39262439660659,11.299859926819948,30.86403126903685
249,11.383338663895215,10.860133275818013,31.328805808540633
250,11.330965752175775,10.37211468582024,31.730017949257007
251,11.234984664452497,9.84521958748338,32.05947435651076
252,11.095869041132266,9.290130981591288,32.31091539220827
253,10.915114480617653,8.71832433873908,32.48028111493914
254,10.695215567516694,8.14153649475861,32.5658409273848
255,10.43959203671008,7.571224287950508,32.568175716065696
256,10.152468137935347,7.018059972478213,32.490017800234455
257,9.838713566818518,6.49150519141594,32.3359695799483
258,9.503657673384826,5.999494501496364,32.11213382401898
259,9.152890589111706,5.54824518545913,31.825695236346565
260,8.792065223380717,5.142194984147568,31.484493639888264
261,8.426712847081102,4.784055941740156,31.09662441051487
262,8.062082526226153,4.474962641996304,30.670093218363153
263,7.7030114667436855,4.2146876217645035,30.212541695566205
264,7.353829900679703,4.001895613022167,29.731050296410565
265,7.018300942956226,3.834410677663341,29.23201585024453
266,6.699593208692674,3.7094750552291917,28.721094987455814
267,6.400282082219853,3.6239843831970546,28.203200965980468
268,6.122374404639993,3.5746898097751165,27.682540169231114
269,5.867350921670536,3.5583626639555535,27.1626751269683
270,5.636220965943311,3.5719213846919367,26.646602675691177
271,5.429584371223454,3.612523236441977,26.136838221856596
272,5.247696369743827,3.677625046604403,25.6354995276322
273,5.090532073133274,3.7650179945373123,25.144385689120277
274,4.957847981181726,3.872841600578296,24.665048849141584
275,4.849238733874076,3.9995817330111767,24.198857621045015
276,4.7641879830369485,4.144056859377419,23.747052212331898
277,4.702112795483442,4.305396057406593,23.31079188524731
278,4.662401410290564,4.483011567112868,22.891195751084773
279,4.644444469031535,4.676567969194228,22.48937804120786
280,4.647660034613387,4.8859494477552055,22.106478996783636
281,4.671512828721677,5.111226050178109,21.74369242342411
282,4.715528166204804,5.352619394064243,21.40229080448623
283,4.77930106188643,5.6104678840523245,21.08364868273502
284,4.8625009439851175,5.885191180458048,20.789264818490487
285,4.964872339027453,6.177253397139316,20.520783418635986
286,5.086231804303916,6.487124289284164,20.28001450378371
287,5.226461282279916,6.815237517215456,20.06895323453319
288,5.3854979424336245,7.161944937940663,19.889797742920038
289,5.563320464506401,7.527465785090653,19.744964700670945
290,5.759931607708028,7.91182955917363,19.63710148992297
291,5.975336808054935,8.314811480105297,19.56909341364224
292,6.2095184569088255,8.73585947780931,19.54406388397322
293,6.462405445987953,9.174011949331842,19.565364954782265
294,6.7338375284047585,9.62780593833889,19.63655492712295
295,7.023524055925693,10.095176052054128,19.76135907598638
296,7.330996728210821,10.573345388049017,19.943608868923754
297,7.65555615362005,11.058711070081625,20.187154449126293
298,7.996212301414001,11.546728755408878,20.495744756627122
299,8.35161935386594,12.03180272272219,20.872869633144497
300,8.720006077475174,12.507190882748557,21.321558830267602
301,9.099103655580619,12.964937196115708,21.844134308702664
302,9.486073979958505,13.395847334442346,22.441914915432818
303,9.877442684111042,13.78952660335792,23.11487680129464
304,10.269042676027647,14.134501556277595,23.8612790755246
305,10.655975496873488,14.418447504639245,24.67727229024994
306,11.032599321474665,14.628542174841847,25.556517173850803
307,11.39255356105096,14.75195984045713,26.489851828592762
308,11.728830465896422,14.776509230721626,27.465055910040544
309,12.033903415328375,14.691401716298664,28.466767847492456
310,12.299919261271347,14.488114019497827,29.476612976252028
311,12.518957775608332,14.161283845248144,30.473593270725615
312,12.68335477957628,13.709551177025011,31.434770439078612
313,12.786077141683261,13.136238231657043,32.336242380447544
314,12.821128301840798,12.449754069363793,33.15437026533546
315,12.783953703995252,11.663621971701902,33.86716546262058
316,12.671808385447369,10.79606247601098,34.45570161951231
317,12.484046032150433,9.86912077038442,34.905388947119555
318,12.222291751693374,8.907395902955713,35.20694571190446
319,11.890470345413329,7.936497113841924,35.356931727006405
320,11.494677229139915,6.981403263521182,35.357767886231414
321,11.042898053402304,6.064921078909747,35.21724332257465
322,10.544602059959606,5.206420545209045,34.94759023264604
323,10.010249555980572,4.420975151574172,34.56426749843488
324,9.450762628612564,3.718963830622024,34.084624701159804
325,8.877008995180077,3.106117909045688,33.5266138087792
326,8.29934221979125,2.5839365436556467,32.907682208465
327,7.7272295394973955,2.150358258393509,32.243930000531556
328,7.168984166013523,1.8005666715861002,31.54956061634747
329,6.63160503744221,1.527820820470121,30.83660838726698
330,6.120715726433993,1.3242263530955398,30.114896160539857
331,5.6405866600337475,1.1813944757913686,29.392161659071494
332,5.194221076025501,1.090964015745718,28.674290389430478
333,4.7834846335550525,1.0449842623134162,27.965601039199818
334,4.409260372169503,1.0361710755074554,27.26914188060673
335,4.071613795927056,1.058056687799864,26.586970072602778
336,3.769956427746156,1.1050562419404895,25.920397613610234
337,3.5031996523902333,1.1724732003167242,25.270196948739002
338,3.269893701231724,1.2564629090249784,24.636765675910997
339,3.068349077387205,1.3539699743210742,24.020253747478794
340,2.8967395575607657,1.4626514634886174,23.42065857759132
341,2.753187195791782,1.5807946865354563,22.83789412126467
342,2.6358305882586164,1.707235618688811,22.271839793938405
343,2.5428781388522292,1.84128190764671,21.72237443939655
344,2.4726482858787038,1.9826428174996806,21.189399701378814
345,2.423598689444367,2.1313673053544453,20.672856282898902
346,2.394346298644575,2.2877906147116254,20.172735784936783
347,2.383680064016652,2.4524892181864812,19.68909014827256
348,2.390567867236855,2.626243581642095,19.22204019092735
349,2.414159029839982,2.810007996835524,18.77178433182162
350,2.453783551060757,3.004886597314084,18.338608302071457
351,2.508949021156185,3.2121145996305795,17.92289644854895
352,2.5793359659484167,3.433043773723393,17.52514510972133
353,2.664792202962929,3.6691311229012014,17.145978472941046
354,2.7653266293831766,3.921929729639913,16.786167289225126
355,2.881102715494962,4.193080685424838,16.446650812234893
356,3.012431841614069,4.484304960024505,16.12856233025065
357,3.1597664881016003,4.797393967852985,15.833258661599505
358,3.3236931627513884,5.134197447158543,15.562353972833177
359,3.5049248228522045,5.4966070729248875,15.317758240672163
360,3.704292415452073,5.8865339686081315,15.10172059565615
361,3.9227350133655925,6.305877958610979,14.916877634809968
362,4.161287860737503,6.756486008935968,14.766306542705466
363,4.421067455151764,7.240096839042326,14.653582476269165
364,4.703252578664333,7.7582681635467425,14.582839098596686
365,5.0090599445184285,8.312282462288811,14.558830327991876
366,5.339712849200149,8.903026627946899,14.586990223768275
367,5.696400915140765,9.530840381907307,14.673486370768313
368,6.08022868959187,10.195328110148388,14.825260053299262
369,6.492150553511442,10.895128947903078,15.050043833742992
370,6.932889131528622,11.627640821224512,15.356343805778955
371,7.402834245612294,12.388696134442482,15.753369777010608
372,7.9019195197694705,13.172190403448026,16.250892078617287
373,8.429474162780338,13.9696710322809,16.85899894806153
374,8.984048423991606,14.769902358432482,17.587724178301656
375,9.563212981993695,15.558435770120795,18.446512168261425
376,10.163335383207619,16.31723059580328,19.443488502805675
377,10.779340909993971,17.02439241222425,20.584511369633873
378,11.404471190497503,17.654119014313103,21.87199584688969
379,12.030061563251817,18.176967140490106,23.303533078461015
380,12.645367426839233,18.56056893283645,24.87037270666327
381,13.237479689701818,18.770926471379703,26.555900433614813
382,13.791378266446351,18.77438305004388,28.334319086589144
383,14.290177544083742,18.54029792456953,30.169818927744394
384,14.715615019607844,18.044327998237694,32.01657867337323
385,15.048819521973194,17.27204818390771,33.819940444950824
386,15.27136493357825,16.222445765803556,35.51901379871709
387,15.36656822008729,14.910653479250776,37.05076073840533
388,15.320931108892443,13.369214181856943,38.35530073099033
389,15.12556404912913,11.647271606349202,39.381807312681524
390,14.777386627429438,9.807396460111365,40.09405355738243
391,14.279890114184386,7.920250296243598,40.4745361714618
392,13.64328953180793,6.057835320766756,40.526269979769744
393,12.883984805977983,4.286490341704101,40.27180299216061
394,12.023374749494112,2.6609026176334654,39.74963684388959
395,11.086190351910464,1.2201499693633826,39.00883602066648
396,10.098598722025871,-0.013745943023409035,38.10296266827872
397,9.086352008807726,-1.0348872838395369,37.08447703052705
398,8.07321494247667,-1.8508018867570297,36.00044010461637
399,7.079819864475298,-2.478814606599086,34.889898612523865
400,6.122999597100485,-2.9422823388770456,33.782898707363216
401,5.215563967873504,-3.267271369071048,32.70078335739523
402,4.366431301512688,-3.4799837307381045,31.657312368617998
403,3.5810043713574538,-3.605002944702119,30.660169129976378
404,2.861684319699839,-3.66427295809845,29.712521659335685
405,2.2084353429432535,-3.6766495689249648,28.814429731819647
406,1.6193377541676561,-3.6578504281358692,27.963998078801797
407,1.0910906888720078,-3.620651732456643,27.158252765079574
408,0.6194448008511217,-3.5752155532488143,26.39376360825798
409,0.19955887951979678,-3.5294679022473,25.667056718283973
410,-0.1737170746110437,-3.489477637487242,24.974866315461508
411,-0.5056250388629154,-3.4598083655803165,24.314271103641765
412,-0.801339085581374,-3.4438302719955214,23.682752679847237
413,-1.0658527178550625,-3.4439879171182874,23.078204818533916
414,-1.3039042893528827,-3.4620251629018037,22.498914571943626
415,-1.5199324048232452,-3.4991709459131903,21.94352962634375
416,-1.7180543809083249,-3.5562906119177837,21.411021361149817
417,-1.9020620116400024,-3.634007659007575,20.900649426240133
418,-2.075429944309429,-3.7328004255206455,20.411931135765325
419,-2.241332895381623,-3.8530777519950603,19.944617316117835
420,-2.4026687168644494,-3.9952370757415823,19.49867521139006
421,-2.5620849690043026,-4.1597078469703685,19.07427845371206
422,-2.722007179010916,-4.346982613379696,18.671803803130878
423,-2.8846673826514344,-4.557637612395916,18.291834244295103
424,-3.0521318701133446,-4.792344233902019,17.935168017177688
425,-3.2263273019240226,-5.051872264214391,17.60283320092516
426,-3.409064535386522,-5.3370853857589236,17.296107524008917
427,-3.6020596155038795,-5.648928977798292,17.016543110731273
428,-3.8069514435613785,-5.9884098338710094,16.765995869955432
429,-4.025315646795576,-6.356566975071977,16.546659164668256
430,-4.258674138114535,-6.754432291362984,16.361101247406452
431,-4.508499779080346,-7.1829792865826105,16.21230567974335
432,-4.776215445496989,-7.643057744562202,16.10371354141216
433,-5.063186646604618,-8.135311692339997,16.039265636907363
434,-5.370706671202754,-8.660077646478692,16.023442078297446
435,-5.6999730350942395,-9.217259847496264,16.061295510866184
436,-6.052053797096444,-9.806179104898916,16.15847280041449
437,-6.427842116195791,-10.425392123385137,16.32121817264378
438,-6.827997272070601,-11.072478945931255,16.556348564116927
439,-7.252870312497093,-11.743797683076453,16.87118933689203
440,-7.702412591834366,-12.434208321602783,17.27345563659018
441,-8.176065818037412,-13.136771505286417,17.77106178655579
442,-8.672632953898173,-13.842434173719564,18.371838667098913
443,-9.190130573499914,-14.539722212632944,19.083137776190366
444,-9.725625232071788,-15.214471020741916,19.91130172247004
445,-10.27505924495168,-15.849637958097462,20.86098579312769
446,-10.83307513215346,-16.42525513495499,21.934325869025045
447,-11.392852910211673,-16.91859495930991,23.129966382448703
448,-11.94598024245374,-17.304630812295276,24.441989940663618
449,-12.482381700896335,-17.55687592800087,25.858828158329942
450,-12.990339080986878,-17.648668203145373,27.362279126495164
451,-13.456638292414155,-17.55492988665594,28.926804718247276
452,-13.866877691237157,-17.254363262553717,30.51931919090087
453,-14.20596533601359,-16.731946302113652,32.09969250247517
454,-14.458816283571153,-15.98147547247811,33.62215765928465
455,-14.611234620799076,-15.007789584736894,35.03771452320391
456,-14.650929812384444,-13.828235153530946,36.29745856091127
457,-14.568577994681391,-12.472942679550862,37.35655045114582
458,-14.35880468986352,-10.983607567556465,38.178327932432154
459,-14.020947120063013,-9.410712368169756,38.73791353169306
460,-13.559462159913538,-7.809446800843958,39.024660255667534
461,-12.98388504689356,-6.23489314355196,39.04293991236545
462,-12.3083102817943,-4.737243938892723,38.811094361039814
463,-11.550445783005355,-3.357829045796352,38.358754187376164
464,-10.730364027528978,-2.1265371772621737,37.72306260755369
465,-9.869120098573342,-1.0608861420392666,36.944520909955635
466,-8.98741499781918,-0.16663752115246044,36.063152444691866
467,-8.104454289444133,0.5604248885800572,35.115497129753194
468,-7.237099016368639,1.1320644916448783,34.13268167858697
469,-6.39934491146238,1.5650050327075296,33.13955507903561
470,-5.602112684818746,1.8785664001699884,32.15469868394153
471,-4.853295959594648,2.0927458175747793,31.191036984073225
472,-4.157996482400511,2.2268229055041577,30.256774587225483
473,-3.5188754225501944,2.2984629244205768,29.356435707940033
474,-2.9365592717022695,2.3232343493506975,28.491852792535695
475,-2.4100534037289996,2.3144367570472206,27.663018062982626
476,-1.937131465713362,2.2831396477243864,26.868764165565302
477,-1.5146819048086826,2.238349936235394,26.107274882011094
478,-1.1390030418413075,2.1872465686354934,25.376446174999998
479,-0.8060451228746608,2.1354399384478566,24.674125818360697
480,-0.5116021737933277,2.0872292817726517,23.998260655232173
481,-0.2514588849478844,2.04584261681259,23.346977444170655
482,-0.021498774661550646,2.0136515609533427,22.71861856708366
483,0.1822199776522525,1.9923583198093857,22.11174895860806
484,0.36341500689721074,1.9831551031263417,21.525146191830178
485,0.5255511526658925,1.9868578452507473,20.957782012456807
486,0.6718280988705827,2.0040168836434105,20.408800798551603
487,0.8051803295785734,2.0350075147146174,19.87749835667878
488,0.9282861539165158,2.0801033208753505,19.363303018709974
489,1.043583167626109,2.139534981560323,18.86576003968019
490,1.1532880539058101,2.213537024504139,18.384519691873948
491,1.259419081993731,2.302384687641518,17.919329100905397
492,1.363820043520036,2.406422771745393,17.47002769557298
493,1.4681846809800319,2.526088082203281,17.036546084839863
494,1.5740809173387156,2.6619267909787103,16.618908189599864
495,1.6829743981835599,2.814607798448701,16.217236514519108
496,1.7962510148267172,2.984932938463393,15.831760526801384
497,1.915238194369928,3.173844645809981,15.462828201960885
498,2.041224826145709,3.382431488964856,15.110920894153972
499,2.1754797473488265,3.6119317569132443,14.776671785814981
500,2.3192687372952148,3.8637350698821393,14.460888265199008
501,2.4738699717884005,4.139381751637781,14.16457866809762
502,2.640587867669219,4.440559445615721,13.888983897682724
503,2.820765202798999,4.769096167083672,13.635614498322727
504,3.015793327352019,5.126948645718687,13.40629379616775
505,3.2271201860473813,5.51618441293725,13.203207717345471
506,3.4562557442946154,5.938955610646632,13.028961833021432
507,3.704774249434957,6.3974619274837385,12.886646029448036
508,3.9743125555459464,6.893899391800183,12.779906918325121
509,4.26656349010593,7.430390959760926,12.713027630310123
510,4.5832629365178414,8.00889393500633,12.691013894293794
511,4.926168942372545,8.631078266126886,12.719684194761264
512,5.2970307365421485,9.298168745439044,12.805760189166511
513,5.697545051747043,10.010743185388376,12.956951298279312
514,6.129296616676105,10.76847796525114,13.182024272968754
515,6.5936791340509835,11.569832224754945,13.490844401409678
516,7.091792556543872,12.411662898412294,13.894369689241625
517,7.624312110284455,13.288765412374092,14.404572752831692
518,8.191324452835971,14.19334013902777,15.034257448094372
519,8.792126823826141,15.114393831475944,15.796728929108568
520,9.424986384151447,16.037099668205975,16.70526803775691
521,10.086859585758507,16.942160682105627,17.77235577129147
522,10.773075911719179,17.80525027716039,19.008594481564884
523,11.476997269621203,18.596640106249396,20.421284447318985
524,12.189674230244645,19.281167209343554,22.012644098944296
525,12.899533387311603,19.81873228166646,23.777716799614183
526,13.592145889249027,20.16554660431306,25.70209271515548
527,14.250143958825007,20.276336839060427,27.759691688881126
528,14.853366469359083,20.107649063173398,29.910991733030826
529,15.37932068295411,19.622240558730997,32.10221931812756
530,15.80403738723608,18.794296745277304,34.26609130900963
531,16.103362648301268,17.61487894683185,36.324645112197615
532,16.25466558108711,16.0966641509664,38.194445546507595
533,16.238849622116067,14.276804618493426,39.793985465970515
534,16.04244872085254,12.216768972389211,41.052459827413216
535,15.659497795080435,9.998448787858145,41.91846246572774
536,15.092826222785911,7.716621149411383,42.36679199698315
537,14.354467356582255,5.468852219093169,42.40170200742545
538,13.465016391868632,3.3447519832182255,42.05566852698311
539,12.451976911523246,1.4167784186765051,41.38388365086179
540,11.347352437764814,-0.2656298758752562,40.45580226036269
541,10.18489174570875,-1.6777895181932518,39.34572883513222
542,8.997436163736579,-2.8177017348478532,38.12440703157631
543,7.81473967739179,-3.701345420808271,36.85296381931124
544,6.661978406300693,-4.3568235209131485,35.57969433878519
545,5.558995230403411,-4.818674737033603,34.33941156481308
546,4.520189427857163,-5.123200101551386,33.15463925197154
547,3.5548851706591105,-5.305149508454568,32.03782037034571
548,2.6679948123894732,-5.395728469894736,30.99384254281829
549,1.8608153046533162,-5.421672693152547,30.022410887687258
550,1.131837527095172,-5.4050726975464745,29.120023561446963
551,0.47749215926317534,-5.363657402256484,28.281474409498824
552,-0.10720749654459827,-5.311312501568921,27.50091015077462
553,-0.6281389284789649,-5.258681807592118,26.77251828004983
554,-1.0916567341959973,-5.213760358590164,26.09093470323001
555,-1.5042797196208388,-5.182431866384445,25.451453329162533
556,-1.872463117695274,-5.168931317886583,24.85010483010166
557,-2.202439914511221,-5.176229928620863,24.283655250892835
558,-2.5001165926002744,-5.2063480075287405,23.749560370002957
559,-2.7710106281286495,-5.2606047306245625,23.24589987004099
560,-3.0202192469971094,-5.3398145129737085,22.77130652968899
561,-3.2524109653130853,-5.444438998886699,22.3248993874298
562,-3.4718331908960294,-5.57470246698171,21.906225594304786
563,-3.682330615929631,-5.730677099339504,21.515212936341065
564,-3.8873703039586474,-5.91234329396369,21.15213332242043
565,-4.090070302958151,-6.119629082491489,20.817576554532298
566,-4.293229339948475,-6.352431762722583,20.512433168112526
567,-4.499355708594532,-6.610624053460939,20.237884866231724
568,-4.710693881253832,-6.894046405657409,19.995400943265697
569,-4.929247687500436,-7.202486539719382,19.78673901171583
570,-5.156799124158989,-7.535646811927769,19.613948248508517
571,-5.394922015827536,-7.893099639908905,19.479373222319307
572,-5.644989846065911,-8.27423094473023,19.385656122829285
573,-5.908177143229507,-8.678171412922607,19.33573486830271
574,-6.185453846902489,-9.103715374895097,19.33283411092583
575,-6.47757211797282,-9.549227278953364,19.3804455923167
576,-6.785045107059962,-10.012536168058526,19.48229364160755
577,-7.108117285338096,-10.490819308021747,19.64228089378032
578,-7.446726096417541,-10.980477249332045,19.864408604931075
579,-7.800454940553126,-11.477004211315206,20.15266536372891
580,-8.16847789057936,-11.974859827154638,20.510877708403175
581,-8.54949710344976,-12.467351018662136,20.942516385598616
582,-8.941674672540087,-12.946536050697237,21.450453032847335
583,-9.342561697380642,-13.403166502970544,22.036664298253278
584,-9.749028644887138,-13.826686675270754,22.701884236847796
585,-10.157202621902515,-14.205313258490255,23.445211629201815
586,-10.562418901841228,-14.526220116584271,24.26368691177985
587,-10.959195800213905,-14.775852587751729,25.151863656861295
588,-11.341243526694168,-14.94039143922731,26.10141145672087
589,-11.701518593013802,-15.00637706071973,27.100799382765164
590,-12.032335256447828,-14.961488528995037,28.135119721461333
591,-12.325543792238339,-14.795449546839125,29.186117318983555
592,-12.572781605511691,-14.501005197442696,30.232486839819014
593,-12.76579698007936,-14.07488332885745,31.250484902898624
594,-12.896836654631722,-13.518627936604455,32.21487405892233
595,-12.959078024198561,-12.839176783507655,33.10017141096773
596,-12.947075898003275,-12.049059706079975,33.882121060030535
597,-12.857184387300242,-11.16612349475326,34.53925587171665
598,-12.687909022680925,-10.21274469602303,35.05437325248572
599,-12.440144825818273,-9.214566610581633,35.415735083333686
600,-12.117264123592383,-8.198877070670179,35.617823000456426
601,-11.725033187363934,-7.192810499959691,35.66153769162385
602,-11.271357242678825,-6.221593340795637,35.553815048762154
603,-10.765875370618446,-5.307045379829499,35.30672423494247
604,-10.219445942111044,-4.466501557400094,34.93619094684385
605,-9.643575633331169,-3.7122419980123977,34.46053524472128
606,-9.04984854270867,-3.051432165557105,33.89901898670797
607,-8.449406462913718,-2.4865006285618394,33.27056668412626
608,-7.8525189920076235,-2.015833352959878,32.59276831899452
609,-7.2682661752861275,-1.634645827396762,31.881209969026433
610,-6.704340214536441,-1.3359039558806969,31.149122692334107
611,-6.166959207663995,-1.1111923056043653,30.407301145133022
612,-5.660876434685052,-0.9514633739907263,29.6642234798028
613,-5.1894637158968315,-0.8476352773655417,28.92630076354804
614,-4.754846254582388,-0.7910322795696897,28.198192359945182
615,-4.358068078905441,-0.7736808633540553,27.483137877915606
616,-3.999270559831228,-0.7884840610727467,26.783271873905612
617,-3.6778705099054543,-0.829300286427453,26.099901531182184
618,-3.392728345393142,-0.8909520966171838,25.433738584743963
619,-3.1423002924626156,-0.9691870890957692,24.785084486044564
620,-2.924771443276745,-1.0606089396528162,24.15397255655572
621,-2.7381685900611363,-1.1625923460291094,23.54027330985934
622,-2.5804532503181905,-1.2731918575123062,22.94376992332598
623,-2.4495962540413254,-1.39105145188866,22.36421062007066
624,-2.343635813385403,-1.5153192907450377,21.80134394778708
625,-2.2607212465545357,-1.645570272007093,21.254941939422764
626,-2.1991445724256624,-1.7817376973803043,20.7248151176493
627,-2.157362102451152,-1.9240544706539227,20.210822376304108
628,-2.134007985154132,-2.073003641264214,19.71287799053063
629,-2.1279014442242103,-2.229277724356206,19.23095738674981
630,-2.138049220013199,-2.3937459998000747,18.765102834776854
631,-2.163644493265138,-2.56742886948183,18.31542988724643
632,-2.2040633497432855,-2.7514782981566808,17.88213516221454
633,-2.2588596408757575,-2.947163350894044,17.46550592005914
634,-2.3277589111478583,-3.155859849025465,17.06593180489309
635,-2.4106518979223934,-3.3790431806293992,16.683919086236312
636,-2.507587962257429,-3.618283308268823,16.320107734483717
637,-2.6187686775738848,-3.8752410053379265,15.975291682190376
638,-2.744541683356071,-4.151664313589219,15.650442652597329
639,-2.8853947994955256,-4.449384139388554,15.34673796814976
640,-3.041950288974307,-4.7703077862751035,15.065592775707488
641,-3.2149590474628753,-5.116409047610167,14.808697130866674
642,-3.4052943828129547,-5.48971324640229,14.578058357518234
643,-3.613944919708784,-5.892275300808538,14.376049022127967
644,-3.8420060189179686,-6.326148505233299,14.205460710448367
645,-4.090668930461044,-6.793341242705015,14.069563533996712
646,-4.361206699454435,-7.2957582837113835,13.972170879991658
647,-4.654955606787463,-7.835122688649031,13.917708292983429
648,-4.97329065001685,-8.41287364009392,13.911284464235735
649,-5.317593251626166,-9.03003483733786,13.958761013212282
650,-5.689209025971681,-9.687047478411682,14.06681596427412
651,-6.089393055244954,-10.383561481396312,14.242993428850012
652,-6.519239744549394,-11.118178686540691,14.495728877931663
653,-6.979593992996971,-11.888142673864193,14.834335438216751
654,-7.4709402072979945,-12.688972009353394,15.26893184821824
655,-7.9932657130092455,-13.514037844464944,15.810287199356463
656,-8.545895555997804,-14.354093655639609,16.469551758731043
657,-9.12729676717316,-15.196775464729534,17.25783784974363
658,-9.734852192353978,-16.0261060593417,18.185611409683897
659,-10.364607334194591,-16.822057172712178,19.261855753502946
660,-11.010998709421576,-17.56024913238967,20.49297756003473
661,-11.666579332341305,-18.211896432346297,21.881445431644053
662,-12.321766229238701,-18.744135730030358,23.42418830821363
663,-12.964646059147777,-19.120891948700812,25.11083852322182
664,-13.580886888932865,-19.304436132939582,26.921983271852344
665,-14.153814741185789,-19.25774931728804,28.82768305347872
666,-14.664719103157987,-18.947713061826132,30.78660992728401
667,-15.093447227148792,-18.348988688497627,32.74622217179012
668,-15.419327253309836,-17.448229503645422,34.64438266544994
669,-15.622420571661747,-16.248027899857263,36.41270038583397
670,-15.685043927837475,-14.769801959209248,37.98159919413668
671,-15.593428115161977,-13.054770690046984,39.28671158670884
672,-15.339308252788104,-11.162345299917284,40.275741257218826
673,-14.921193843091325,-9.165711421279992,40.914586889787145
674,-14.345069476543644,-7.145023074861175,41.191441662433014
675,-13.624344111009863,-5.179285635239202,41.11788818883178
676,-12.77899291223402,-3.3384256919996096,40.72666364335454
677,-11.833991188486833,-1.6770406050445177,40.06657637482405
678,-10.817279418372486,-0.23086643988019606,39.19572432353911
679,-9.757578419524409,0.9837296035499545,38.1744572090153
680,-8.682372411208657,1.9676568757172448,37.05936840713722
681,-7.616303413518377,2.735316069364755,35.899119035851086
682,-6.5801052670836295,3.31015862399114,34.73231241711478
683,-5.5900888615706394,3.7204605836659983,33.58716034528716
684,-4.658101930115521,3.9958586039896513,32.48242094399157
685,-3.7918396143892776,4.164864760614353,31.429038502953627
686,-2.99537270998451,4.253328216812064,30.43200878794781
687,-2.2697770216164845,4.283673006972718,29.49214565779993
688,-1.6137760177537015,4.274695678844654,28.607574043050395
689,-1.0243394114875999,4.241720631205411,27.77488870286505
690,-0.497206274080892,4.196952753279167,26.989990489758235
691,-0.027320485556361684,4.149914356696056,26.248648555687762
692,0.39082114029473114,4.107894715769785,25.546849017912557
693,0.762900577279221,4.076371678215878,24.88098837109168
694,1.0945793661617693,4.059385933411263,24.24796098354017
695,1.3913568003208778,4.05986159462287,23.645179109591812
696,1.6584743973481042,4.079874087770277,23.070553534808315
697,1.900856748741715,4.1208699503113,22.522454341876873
698,2.123080292442374,4.183844521687405,21.999664604246554
699,2.3293629980725075,4.2694836538704,21.501334930299073
700,2.5235692699241485,4.37827510828839,21.02694337971586
701,2.7092255100006493,4.510594590731852,20.5762630144103
702,2.889542735299068,4.666770597039791,20.149337921571338
703,3.067443422160001,4.847131487720187,19.746467704205237
704,3.2455903756695292,5.052037512370844,19.368199980352763
705,3.42641591487887,5.281899870289766,19.015330221060786
706,3.6121500445496304,5.5371883152367,18.688908184225905
707,3.8048465681419295,5.818428279219857,18.390250191516124
708,4.00640629898056,6.126187991935498,18.120956494747286
709,4.218596658635709,6.461055600898581,17.882932946268507
710,4.443067023226587,6.823605847817165,17.678416093207055
711,4.681359197860278,7.214355429758314,17.510000629810797
712,4.934912374226448,7.633705776178989,17.38066783836839
713,5.205061863911387,8.081871621166753,17.293813198999892
714,5.493030808581594,8.558793473064956,17.25327072219338
715,5.799913958179528,9.06403192693295,17.26333072525628
716,6.126652493590281,9.596641797443565,17.32874670813636
717,6.473998770252271,10.155024367942927,17.45472566886412
718,6.842469801052136,10.73675678720022,17.646894639364355
719,7.232288318184076,11.338398969282904,17.91123446291478
720,7.643310405381156,11.955280472480869,18.253969983548906
721,8.074939040726472,12.581272986629186,18.681404081097448
722,8.526023519795812,13.208558482161433,19.199681707445556
723,8.99474573825083,13.827408955252995,19.814469786140773
724,9.478495810022817,14.426001087897447,20.530540273377387
725,9.973741583583841,14.990297800950792,21.35124781563312
726,10.475899363100053,15.504037924466438,22.27790142610319
727,10.979216536410002,15.948883679035156,23.30904260610441
728,11.476680714850959,16.30478110958188,24.439661229493105
729,11.959974047656857,16.55058781825286,25.660405343355865
730,12.419494945614415,16.665011277284368,26.956870340327715
731,12.844471555391188,16.627875464057503,28.309082910424145
732,13.223190665367795,16.421690457898766,29.691319003152298
733,13.543360814770296,16.033438965280734,31.072403020143025
734,13.792617886893462,15.456420930891667,32.41661630964599
735,13.959164738144533,14.69192521474692,33.685286956690184
736,14.03251413520183,13.750445911175252,34.839036431251195
737,14.004279077741712,12.652154406632029,35.84053021967854
738,13.868931262815817,11.426397372393012,36.657442672057705
739,13.624433375886607,10.110122350341662,37.265237860050874
740,13.272650490446672,8.745320165293144,37.649329158924644
741,12.819464271712585,7.375775685223317,37.80623973840938
742,12.274550499291237,6.043578331353341,37.743545579955544
743,11.650829561559716,4.785908455530883,37.478608167990956
744,10.963650271666939,3.6325595395989385,37.0363343801829
745,10.229807355544017,2.6044937796213157,36.44636995611899
746,9.466512703299502,1.7135104834814419,35.74019527885427
747,8.690436405019415,0.9628981970272452,34.94854143850228
748,7.916909056872051,0.34879653860909254,34.099411258753534
749,7.159340236225108,-0.13806312880454413,33.21682494362685
750,6.428869428914833,-0.5105452268570558,32.320261973027634
751,5.734233327235965,-0.7834566872819164,31.42467044287321
752,5.081811904361302,-0.9721894470521026,30.540870196350156
753,4.47580576307868,-1.0917093165635836,29.67617745932389
754,3.9184969462976724,-1.155878840245474,28.835108869979088
755,3.4105514221191795,-1.17706495352469,28.020064512030444
756,2.9513305636963696,-1.1659675170533674,27.231930251937836
757,2.539188613671371,-1.1316052023430592,26.470572531805793
758,2.171741785241498,-1.0814039008914273,25.735221656299192
759,1.8461015764193833,-1.0213446650133844,25.02475331006876
760,1.5590699206203076,-0.9561399375906416,24.337884626488528
761,1.307297162040633,-0.8894168759062214,23.673302897887552
762,1.0874058669508577,-0.8238943962414842,23.029743940075306
763,0.8960845192839566,-0.7615462481328591,22.406034649714062
764,0.7301555135365276,-0.7037463282135904,21.801111371073006
765,0.5866217956436229,-0.6513949864876292,21.21402287005995
766,0.46269619182668076,-0.6050266473920374,20.64392426995845
767,0.355817028741724,-0.5648999719719079,20.09006632956214
768,0.26365316480642553,-0.5310722535721959,19.55178293374904
769,0.1841010708746316,-0.5034599270450596,19.02847856234037
770,0.11527614615794579,-0.4818870878949804,18.51961673039557
771,0.055500046653148366,-0.4661238332872202,18.024709876534068
772,0.0032854440565148815,-0.4559160965452956,17.54331084852021
773,-0.042680676123846524,-0.45100847929035215,17.075005942118306
774,-0.08355433009446771,-0.45116140875730953,16.619409347201906
775,-0.12035183546612355,-0.4561637733150332,16.17615881230102
776,-0.153966644059608,-0.46584202372428735,15.74491233230024
777,-0.18518540078279913,-0.48006657524708746,15.325345678115262
778,-0.21470303586430947,-0.4987562085317178,14.917150611510312
779,-0.24313678688206808,-0.5218810460986101,14.520033656302775
780,-0.2710391151319722,-0.5494645762085836,14.133715325277173
781,-0.2989095316561575,-0.5815851062605988,13.757929728264756
782,-0.3272053849699154,-0.6183769525917086,13.392424510277014
783,-0.35635168803516,-0.6600316113404593,13.036961089270246
784,-0.38675007875641115,-0.7067991044599174,12.691315181437117
785,-0.4187870182662716,-0.7589896545577789,12.355277618462301
786,-0.45284133621336947,-0.816975810545867,12.028655476638088
787,-0.4892912335439498,-0.8811951217023978,11.711273552847631
788,-0.528520851978229,-0.9521534393649077,11.402976237937692
789,-0.5709265163812999,-1.0304289118340084,11.1036298546793
790,-0.6169227521623518,-1.1166767279974013,10.813125546136094
791,-0.6669481751688633,-1.2116346575384336,10.531382821651098
792,-0.7214713465772287,-1.3161294292329764,10.2583538927163
793,-0.7809966801764026,-1.431083982569169,9.994028960694298
794,-0.8460704842197225,-1.557525620431842,9.738442653829987
795,-0.917287214571286,-1.696595080352247,9.491681853486144
796,-0.9952960099447556,-1.8495565269855065,9.253895200495306
797,-1.080807573212098,-2.0178084467249233,9.025304633563259
798,-1.174601454444613,-2.2028953937190416,8.80621938459105
799,-1.2775337806983096,-2.4065204911507845,8.597052942561108
800,-1.390545463426285,-2.630558527385302,8.39834360029776
801,-1.5146708952540144,-2.8770693968033343,8.210779318940459
802,-1.6510471216353277,-3.1483115110030977,8.035227785024437
803,-1.8009234368873568,-3.446754636014482,7.872772695583542
804,-1.9656713046678498,-3.775091380119269,7.724757487211596
805,-2.1467944353436677,-4.136246245208865,7.592837922638708
806,-2.3459387606554993,-4.53338073713706,7.479045156159452
807,-2.564901921464464,-4.969892475242062,7.385861103823452
808,-2.805641716637397,-5.44940550816395,7.316308122332204
809,-3.070282736810225,-5.975748083518253,7.274055113640437
810,-3.3611201088530707,-6.5529128753616135,7.263542159459373
811,-3.680618884279351,-7.184993081156042,7.290125557641373
812,-4.031407092174915,-7.876085792692012,7.360244540599755
813,-4.4162598149494,-8.630151565936156,7.481609799341537
814,-4.83807080103416,-9.450816135953007,7.663411922391144
815,-5.299807070795806,-10.341096784951864,7.916544579717674
816,-5.804440675816433,-11.303032142884524,8.253832190476011
817,-6.354850232079505,-12.337190576139914,8.690244206047751
818,-6.953683099352819,-13.442029570258594,9.24306716747449
819,-7.603167230574618,-14.613077991309344,9.93199043804949
820,-8.304859999416934,-15.84191703266892,10.779041167644642
821,-9.059320162905621,-17.114947414308208,11.808278337797878
822,-9.865689257140113,-18.411954852869123,13.04512564473866
823,-10.721171298754628,-19.70452931148487,14.515191945795683
824,-11.620406335063961,-20.954463323181223,16.242403713439717
825,-12.554746373914538,-22.112357047408334,18.246270598118276
826,-13.511464159049051,-23.11679390219322,20.53814560176864
827,-14.472958627832252,-23.894609561447997,23.11645735362274
828,-15.41606682939539,-24.362924887942736,25.961120109725986
829,-16.311648216637366,-24.433681482113226,29.027694930608163
830,-17.124664559527844,-24.021298302291253,32.24237391451182
831,-17.81501828753219,-23.053625344089077,35.49940106104898
832,-18.339403378278625,-21.485501296118958,38.66292145747272
833,-18.65432809477916,-19.312957561428128,41.57513518287272
834,-18.720256970319596,-16.584749521450995,44.07166390836921
835,-18.50649246092334,-13.407067561223432,46.003058660531
836,-17.996039518010438,-9.937792917220417,47.258744062434126
837,-17.189408226640065,-6.369035038020879,47.78744873270718
838,-16.106287787338847,-2.9005308431436396,47.60773648703914
839,-14.784390195327315,0.28974320652303165,46.804561517372335
840,-13.275467932879833,3.069765546046013,45.512310860034916
841,-11.639308425479848,5.3662055431127875,43.88950068624693
842,-9.937054774970075,7.163769043322888,42.09272801470071
843,-8.225260598964773,8.493863549504203,40.25655143727726
844,-6.551674598117028,9.417982328950824,38.4826270627081
845,-4.953110341153279,10.01118332113629,36.83774323464012
846,-3.455183047630799,10.34915263131464,35.3580587742383
847,-2.0733676643529777,10.500046398170541,34.05629327413455
848,-0.8147676580943672,10.5206357499449,32.929293887342446
849,0.31990735772537904,10.455526575637633,31.964495848124297
850,1.334483856014894,10.338171240631382,31.144737532663253
851,2.2357538644850132,10.192678020317322,30.451479166305944
852,3.032242768972732,10.035785307203305,29.866738173612184
853,3.733298078104921,9.878666301840902,29.374108566996544
854,4.3484500524528675,9.728429833631527,28.95918413997197
855,4.886986567085366,9.589296758982831,28.609625583219355
856,5.357688287996023,9.463485659932507,28.315035288528257
857,5.768679015917593,9.351860569486202,28.066743451835865
858,6.127355848106643,9.254394282003302,27.857566601206102
859,6.440372708356559,9.170493839931853,27.681571832984226
860,6.713658106912645,9.099225594050857,27.53386285761777
861,6.952453651170724,9.039468435000174,27.410393942594204
862,7.16136403994244,8.990016386467273,27.30781237581384
863,7.344412322877859,8.949645927751284,27.223327361463188
864,7.505096367409733,8.91715902254168,27.154602138306046
865,7.646443980536054,8.891409607108983,27.099665856212717
866,7.7710651643771875,8.871318966339457,27.05684193080923
867,7.881200680089126,8.85588376963926,27.024689971842676
868,7.97876655491897,8.844179368113453,27.001958813315724
869,8.065394464147646,8.83536013160329,26.98754859355429
870,8.142468104533597,8.828658027871182,26.98048020961741
871,8.211155784547369,8.823380243559468,26.979870791921005
872,8.27243951417821,8.818906365725075,26.984914111384217
873,8.327140900719437,8.8146854473021,26.99486504760014
874,8.375944158635619,8.810233144254747,27.00902741918778
875,8.419416529568464,8.80512901868285,27.026744613612248
876,8.458026388338672,8.799014038392176,27.047392559911035
877,8.492159286241925,8.791588260890755,27.070374669704034
878,8.522132156577143,8.78260866249744,27.09511843451546
879,8.548205880893489,8.771887057138203,27.12107341492181
880,8.570596389026093,8.759288041585659,27.14771039278538
881,8.589484442335358,8.744726902330529,27.174521484666187
882,8.60502422812066,8.728167422476789,27.20102103475891
883,8.617350874202355,8.709619533900028,27.226747121293602
884,8.626586976274194,8.689136769499628,27.25126352283822
885,8.6328482168373,8.666813481942526,27.274162001616286
886,8.636248143274258,8.642781808149904,27.2950647708082
887,8.63690216378233,8.617208372274893,27.31362702260537
888,8.634930813281086,8.590290733449534,27.329539404080013
889,8.630462336821472,8.562253597567159,27.342530339065927
890,8.623634635194414,8.533344824281144,27.352368106379323
891,8.614596616083976,8.503831270771661,27.35886259784128
892,8.60350899393059,8.473994522266253,27.36186669355061
893,8.59054458235258,8.444126565500465,27.361277206437176
894,8.575888124209225,8.414525465083706,27.357035362954964
895,8.559735705878342,8.385491104023018,27.34912680145
896,8.542293803790722,8.357321048503545,27.33758108383803
897,8.523778012470684,8.330306593594042,27.322470729337066
898,8.504411504074623,8.304729041106434,27.30390979074565
899,8.484423269543273,8.28085625374257,27.282052003826262
900,8.464046190884543,8.25893952132331,27.25708854851221
901,8.443514992730266,8.239210765765817,27.229245466765494
902,8.423064119160252,8.221880102015211,27.19878078592766
903,8.402925578905492,8.20713376279218,27.165981398375255
904,8.38332679851377,8.195132386196418,27.131159748350544
905,8.364488519002522,8.18600965725832,27.094650375193726
906,8.346622767076175,8.17987128773997,27.056806359118294
907,8.329930927302781,8.176794313055334,27.0179957114475
908,8.314601936887621,8.176826681232532,26.978597746188772
909,8.30081062000523,8.1799871064242,26.938999464288877
910,8.288716174201323,8.186265158558713,26.899591976198202
911,8.278460817280141,8.195621561226863,26.860766982766616
912,8.27016859945699,8.207988671674226,26.82291332925139
913,8.26394438246172,8.223271119638094,26.786413642556447
914,8.259872984781676,8.241346585519873,26.75164105791623
915,8.258018490361076,8.26206670279223,26.71895603821835
916,8.258423716830661,8.285258074369468,26.68870328711731
917,8.261109838706417,8.310723397683812,26.661208756077496
918,8.266076160926376,8.338242698178892,26.63677674551193
919,8.27330003852923,8.367574675634001,26.615687101235018
920,8.28273693914032,8.398458171960877,26.598192509473513
921,8.294320646129364,8.430613772675457,26.584515896601932
922,8.307963601739583,8.463745556963817,26.574847943481874
923,8.323557391051319,8.497543012975159,26.56934472865727
924,8.340973369221873,8.531683135546292,26.56812551953154
925,8.360063435921013,8.565832722874715,26.571270735842656
926,8.380660962142604,8.599650886620836,26.578820115046597
927,8.402581875503788,8.632791786474595,26.59077111438027
928,8.425625910636,8.664907595346168,26.607077589138516
929,8.44957803122761,8.695651695057018,26.62764879078262
930,8.474210029608932,8.7246820947915,26.652348731600174
931,8.499282308405986,8.75166505575544,26.680995964452006
932,8.524545846679205,8.7762788956783,26.713363826369974
933,8.549744350082518,8.798217936263153,26.749181193128063
934,8.57461658093143,8.817196545780343,26.788133788153278
935,8.598898859695085,8.832953218134609,26.82986608308525
936,8.622327724403746,8.845254619393009,26.873983818823625
937,8.644642728907176,8.853899523474002,26.920057165009876
938,8.66558935498994,8.858722551028144,26.96762452268136
939,8.684922007246017,8.859597620052938,27.016196959550047
940,8.702407053573037,8.856441014014363,27.06526325037696
941,8.717825868432028,8.849213973665405,27.11429547675908
942,8.730977830917851,8.837924722722779,27.162755121973156
943,8.741683225492919,8.822629845309157,27.210099578097463
944,8.749785990239289,8.803434944634944,27.25578896530346
945,8.75515625594456,8.780494527623276,27.29929314785675
946,8.757692619475963,8.75401107869937,27.340098818856315
947,8.757324096875703,8.72423330717771,27.37771651686552
948,8.754011705514543,8.691453575793963,27.411687433009046
949,8.747749630467437,8.656004541981613,27.441589867300795
950,8.738565937926314,8.61825506740691,27.46704519817142
951,8.72652280774419,8.578605473916486,27.48772323935873
952,8.711716267821497,8.537482244303842,27.503346873210727
953,8.694275424626538,8.495332283140785,27.513695868459745
954,8.674361196249585,8.452616865489173,27.518609812845344
955,8.652164566543838,8.409805408974863,27.517990115586517
956,8.627904390611008,8.367369207109713,27.51180106049306
957,8.60182479266293,8.325775258826969,27.500069916267872
958,8.574192206693365,8.285480321189512,27.48288613511475
959,8.54529211805434,8.246925299658809,27.460399693056175
960,8.515425569666398,8.210530073934764,27.432818644473002
961,8.484905500023592,8.176688838134544,27.40040597860885
962,8.454052981315979,8.14576601302692,27.36347587669072
963,8.423193424930687,8.118092766273321,27.32238947471899
964,8.392652818458478,8.093964155211635,27.27755023894255
965,8.362754053368704,8.073636886624266,27.229399058854714
966,8.333813396036929,8.057327669982307,27.17840915670688
967,8.306137147182612,8.045212125496974,27.125080903665232
968,8.28001852639326,8.037424196381345,27.069936621544247
969,8.255734809675351,8.034056006270756,27.01351543628967
970,8.233544739264481,8.035158097817904,26.95636823579329
971,8.213686216597155,8.04073998694799,26.89905277089504
972,8.19637428169734,8.050770968869434,26.842128925179153
973,8.18179937550836,8.06518111632002,26.78615416692022
974,8.170125876090108,8.083862417248303,26.73167918569648
975,8.161490895225063,8.106670007707528,26.67924370707174
976,8.156003318896982,8.133423465683881,26.62937247156598
977,8.153743073330105,8.163908142412566,26.58257135901279
978,8.154760597762785,8.19787651899892,26.53932363639149
979,8.15907650579443,8.23504958743775,26.500086306315545
980,8.166681418871839,8.275118266030567,26.465286534504475
981,8.177535958126967,8.317744869393172,26.435318137675782
982,8.19157088417964,8.362564662414115,26.41053811825156
983,8.208687378497405,8.409187535383383,26.391263238942553
984,8.228757464271778,8.457199843796133,26.377766638488158
985,8.251624569329271,8.506166460798486,26.370274499404147
986,8.277104238145009,8.555633092642136,26.368962789297225
987,8.304985004360939,8.605128907623497,26.373954108880103
988,8.335029439121955,8.654169526587761,26.385314691943755
989,8.366975393823237,8.702260417988951,26.40305161483409
990,8.40053745830429,8.748900732562523,26.427110284988224
991,8.435408656928738,8.79358760179351,26.457372289288276
992,8.47126240516345,8.835820910537878,26.49365369279373
993,8.507754748043773,8.875108537473368,26.53570388616123
994,8.544526899137827,8.910972037749449,26.583205085053418
995,8.581208094194045,8.942952720668101,26.63577258636012
996,8.61741876751477,8.970618052035267,26.692955883413486
997,8.652774051250557,8.993568286752055,26.754240734952152
998,8.686887588337793,9.011443213238131,26.819052269885944
999,8.719375638878368,9.0239288685531,26.886759191631622
